{"processed_agents": 25, "total_estimated_agents": 50000, "estimated_time_remaining": 495576.49379700003, "elapsed_time": 247.912203}