{"processed_agents": 1482, "total_estimated_agents": 50000, "estimated_time_remaining": 52239.17414418218, "elapsed_time": 1595.664621}