{"progress": 0.0019827893881111947, "processed_agents": 1, "total_estimated_agents": 50434, "estimated_time_remaining": 1727124.2880914211}