{"processed_agents": 136, "total_estimated_agents": 50000, "estimated_time_remaining": 65686.86391229411, "elapsed_time": 179.155573}