{"processed_agents": 74, "total_estimated_agents": 50000, "estimated_time_remaining": 3179255.901426324, "elapsed_time": 4712.272898}