{"processed_agents": 236, "total_estimated_agents": 50000, "estimated_time_remaining": 76116.96395450848, "elapsed_time": 360.975876}